{
  "Cursor Color" : {
    "Red Component" : 0.82745099067687988,
    "Color Space" : "sRGB",
    "Blue Component" : 0.92156863212585449,
    "Alpha Component" : 1,
    "Green Component" : 0.88627451658248901
  },
  "Tags" : [

  ],
  "Ansi 12 Color" : {
    "Red Component" : 0.89411765336990356,
    "Color Space" : "sRGB",
    "Blue Component" : 0.50196081399917603,
    "Alpha Component" : 1,
    "Green Component" : 0.47058823704719543
  },
  "Right Option Key Sends" : 0,
  "Ansi 6 Color" : {
    "Red Component" : 0.54901963472366333,
    "Color Space" : "sRGB",
    "Blue Component" : 0.54901963472366333,
    "Alpha Component" : 1,
    "Green Component" : 0.54901963472366333
  },
  "Bold Color" : {
    "Red Component" : 0.82745099067687988,
    "Color Space" : "sRGB",
    "Blue Component" : 0.92156863212585449,
    "Alpha Component" : 1,
    "Green Component" : 0.88627451658248901
  },
  "Ansi 0 Color" : {
    "Red Component" : 0.058823529630899429,
    "Color Space" : "sRGB",
    "Blue Component" : 0.058823529630899429,
    "Alpha Component" : 1,
    "Green Component" : 0.058823529630899429
  },
  "Normal Font" : "SpaceMonoNerdFontComplete-Regular 13",
  "Ansi 1 Color" : {
    "Red Component" : 0.40000000596046448,
    "Color Space" : "sRGB",
    "Blue Component" : 0.11764705926179886,
    "Alpha Component" : 1,
    "Green Component" : 0.054901961237192154
  },
  "Rows" : 25,
  "Default Bookmark" : "No",
  "Custom Directory" : "No",
  "Ansi 2 Color" : {
    "Red Component" : 0.55294120311737061,
    "Color Space" : "sRGB",
    "Blue Component" : 0.16470588743686676,
    "Alpha Component" : 1,
    "Green Component" : 0.098039217293262482
  },
  "Cursor Guide Color" : {
    "Red Component" : 0.70214027166366577,
    "Color Space" : "sRGB",
    "Blue Component" : 1,
    "Alpha Component" : 0.25,
    "Green Component" : 0.92681378126144409
  },
  "Non-ASCII Anti Aliased" : true,
  "Use Bright Bold" : true,
  "Show Mark Indicators" : false,
  "Ansi 10 Color" : {
    "Red Component" : 0.55294120311737061,
    "Color Space" : "sRGB",
    "Blue Component" : 0.16470588743686676,
    "Alpha Component" : 1,
    "Green Component" : 0.098039217293262482
  },
  "Ambiguous Double Width" : false,
  "Jobs to Ignore" : [
    "rlogin",
    "ssh",
    "slogin",
    "telnet"
  ],
  "Ansi 15 Color" : {
    "Red Component" : 0.84313726425170898,
    "Color Space" : "sRGB",
    "Blue Component" : 0.92941176891326904,
    "Alpha Component" : 1,
    "Green Component" : 0.89411765336990356
  },
  "Foreground Color" : {
    "Red Component" : 0.82745099067687988,
    "Color Space" : "sRGB",
    "Blue Component" : 0.92156863212585449,
    "Alpha Component" : 1,
    "Green Component" : 0.88627451658248901
  },
  "Bound Hosts" : [

  ],
  "Working Directory" : "\/Users\/haru",
  "Blinking Cursor" : true,
  "Use Tab Color" : true,
  "Sync Title" : false,
  "Prompt Before Closing 2" : false,
  "BM Growl" : true,
  "Command" : "",
  "Description" : "Default",
  "Disable Window Resizing" : true,
  "Mouse Reporting" : true,
  "Screen" : -1,
  "Selection Color" : {
    "Red Component" : 0.0039215688593685627,
    "Color Space" : "sRGB",
    "Blue Component" : 0.011764706112444401,
    "Alpha Component" : 1,
    "Green Component" : 0.0078431377187371254
  },
  "Only The Default BG Color Uses Transparency" : false,
  "Columns" : 86,
  "Idle Code" : 0,
  "Ansi 13 Color" : {
    "Red Component" : 0.7137255072593689,
    "Color Space" : "sRGB",
    "Blue Component" : 0.58823531866073608,
    "Alpha Component" : 1,
    "Green Component" : 0.54509806632995605
  },
  "Custom Command" : "No",
  "ASCII Anti Aliased" : true,
  "Non Ascii Font" : "Monaco 12",
  "Vertical Spacing" : 0.80000000000000004,
  "Use Bold Font" : true,
  "Option Key Sends" : 0,
  "Selected Text Color" : {
    "Red Component" : 0.82745099067687988,
    "Color Space" : "sRGB",
    "Blue Component" : 0.92156863212585449,
    "Alpha Component" : 1,
    "Green Component" : 0.88627451658248901
  },
  "Background Color" : {
    "Red Component" : 0,
    "Color Space" : "sRGB",
    "Blue Component" : 0,
    "Alpha Component" : 1,
    "Green Component" : 0
  },
  "Character Encoding" : 4,
  "Ansi 11 Color" : {
    "Red Component" : 0.92549020051956177,
    "Color Space" : "sRGB",
    "Blue Component" : 0.30196079611778259,
    "Alpha Component" : 1,
    "Green Component" : 0.28627452254295349
  },
  "Use Italic Font" : true,
  "Unlimited Scrollback" : false,
  "Keyboard Map" : {
    "0xf700-0x260000" : {
      "Action" : 10,
      "Text" : "[1;6A"
    },
    "0x37-0x40000" : {
      "Action" : 11,
      "Text" : "0x1f"
    },
    "0x32-0x40000" : {
      "Action" : 11,
      "Text" : "0x00"
    },
    "0xf709-0x20000" : {
      "Action" : 10,
      "Text" : "[17;2~"
    },
    "0xf70c-0x20000" : {
      "Action" : 10,
      "Text" : "[20;2~"
    },
    "0xf729-0x20000" : {
      "Action" : 10,
      "Text" : "[1;2H"
    },
    "0xf72b-0x40000" : {
      "Action" : 10,
      "Text" : "[1;5F"
    },
    "0xf705-0x20000" : {
      "Action" : 10,
      "Text" : "[1;2Q"
    },
    "0xf703-0x260000" : {
      "Action" : 10,
      "Text" : "[1;6C"
    },
    "0xf700-0x220000" : {
      "Action" : 10,
      "Text" : "[1;2A"
    },
    "0xf701-0x280000" : {
      "Action" : 11,
      "Text" : "0x1b 0x1b 0x5b 0x42"
    },
    "0x38-0x40000" : {
      "Action" : 11,
      "Text" : "0x7f"
    },
    "0x33-0x40000" : {
      "Action" : 11,
      "Text" : "0x1b"
    },
    "0xf703-0x220000" : {
      "Action" : 10,
      "Text" : "[1;2C"
    },
    "0xf701-0x240000" : {
      "Action" : 10,
      "Text" : "[1;5B"
    },
    "0xf70d-0x20000" : {
      "Action" : 10,
      "Text" : "[21;2~"
    },
    "0xf702-0x260000" : {
      "Action" : 10,
      "Text" : "[1;6D"
    },
    "0xf729-0x40000" : {
      "Action" : 10,
      "Text" : "[1;5H"
    },
    "0xf706-0x20000" : {
      "Action" : 10,
      "Text" : "[1;2R"
    },
    "0x34-0x40000" : {
      "Action" : 11,
      "Text" : "0x1c"
    },
    "0xf700-0x280000" : {
      "Action" : 11,
      "Text" : "0x1b 0x1b 0x5b 0x41"
    },
    "0x2d-0x40000" : {
      "Action" : 11,
      "Text" : "0x1f"
    },
    "0xf70e-0x20000" : {
      "Action" : 10,
      "Text" : "[23;2~"
    },
    "0xf702-0x220000" : {
      "Action" : 10,
      "Text" : "[1;2D"
    },
    "0xf703-0x280000" : {
      "Action" : 11,
      "Text" : "0x1b 0x1b 0x5b 0x43"
    },
    "0xf700-0x240000" : {
      "Action" : 10,
      "Text" : "[1;5A"
    },
    "0xf707-0x20000" : {
      "Action" : 10,
      "Text" : "[1;2S"
    },
    "0xf70a-0x20000" : {
      "Action" : 10,
      "Text" : "[18;2~"
    },
    "0x35-0x40000" : {
      "Action" : 11,
      "Text" : "0x1d"
    },
    "0xf70f-0x20000" : {
      "Action" : 10,
      "Text" : "[24;2~"
    },
    "0xf703-0x240000" : {
      "Action" : 10,
      "Text" : "[1;5C"
    },
    "0xf701-0x260000" : {
      "Action" : 10,
      "Text" : "[1;6B"
    },
    "0xf702-0x280000" : {
      "Action" : 11,
      "Text" : "0x1b 0x1b 0x5b 0x44"
    },
    "0xf72b-0x20000" : {
      "Action" : 10,
      "Text" : "[1;2F"
    },
    "0x36-0x40000" : {
      "Action" : 11,
      "Text" : "0x1e"
    },
    "0xf708-0x20000" : {
      "Action" : 10,
      "Text" : "[15;2~"
    },
    "0xf701-0x220000" : {
      "Action" : 10,
      "Text" : "[1;2B"
    },
    "0xf70b-0x20000" : {
      "Action" : 10,
      "Text" : "[19;2~"
    },
    "0xf702-0x240000" : {
      "Action" : 10,
      "Text" : "[1;5D"
    },
    "0xf704-0x20000" : {
      "Action" : 10,
      "Text" : "[1;2P"
    }
  },
  "Window Type" : 0,
  "Blur Radius" : 64,
  "Cursor Type" : 0,
  "Background Image Location" : "",
  "Blur" : true,
  "Badge Color" : {
    "Red Component" : 1,
    "Color Space" : "sRGB",
    "Blue Component" : 0,
    "Alpha Component" : 0.5,
    "Green Component" : 0.14910027384757996
  },
  "Scrollback Lines" : 1000,
  "Send Code When Idle" : false,
  "Close Sessions On End" : true,